{"cameraMode":{"drawMode":0,"name":"Shaded","section":"Shading Mode"},"sceneLighting":false,"audioPlay":false,"sceneViewState":{"showFog":false,"showMaterialUpdate":false,"showSkybox":false,"showFlares":false,"showImageEffects":false,"showParticleSystems":false},"in2DMode":false,"pivot":{"x":10.462752342224121,"y":-0.8474183082580566,"z":-5.160312652587891},"rotation":{"x":0.12228124588727951,"y":0.8667153716087341,"z":-0.2598755359649658,"w":0.40782272815704348},"size":1.4428961277008057,"orthographic":true}