{"cameraMode":{"drawMode":0,"name":"Shaded","section":"Shading Mode"},"sceneLighting":false,"audioPlay":false,"sceneViewState":{"showFog":false,"showMaterialUpdate":false,"showSkybox":false,"showFlares":false,"showImageEffects":false,"showParticleSystems":false},"in2DMode":false,"pivot":{"x":10.679659843444825,"y":-1.024107813835144,"z":-5.160243988037109},"rotation":{"x":0.03767969831824303,"y":0.9436597228050232,"z":-0.1155189648270607,"w":0.3078061640262604},"size":0.8660253882408142,"orthographic":true}