{"cameraMode":{"drawMode":0,"name":"Shaded","section":"Shading Mode"},"sceneLighting":true,"audioPlay":false,"sceneViewState":{"showFog":false,"showMaterialUpdate":false,"showSkybox":false,"showFlares":false,"showImageEffects":false,"showParticleSystems":false},"in2DMode":false,"pivot":{"x":11.404826164245606,"y":0.02919912338256836,"z":-5.813608169555664},"rotation":{"x":0.0042935935780406,"y":0.9562070965766907,"z":0.014048670418560505,"w":-0.29233354330062868},"size":4.499568462371826,"orthographic":true}