{"cameraMode":{"drawMode":0,"name":"Shaded","section":"Shading Mode"},"sceneLighting":true,"audioPlay":false,"sceneViewState":{"showFog":false,"showMaterialUpdate":false,"showSkybox":false,"showFlares":false,"showImageEffects":false,"showParticleSystems":false},"in2DMode":false,"pivot":{"x":-56.782814025878909,"y":-142.49862670898438,"z":-129.20379638671876},"rotation":{"x":0.061914537101984027,"y":-0.9008923768997192,"z":0.4071861207485199,"w":0.136984720826149},"size":150.4074249267578,"orthographic":false}