{"cameraMode":{"drawMode":0,"name":"Shaded","section":"Shading Mode"},"sceneLighting":true,"audioPlay":false,"sceneViewState":{"showFog":false,"showMaterialUpdate":false,"showSkybox":false,"showFlares":false,"showImageEffects":false,"showParticleSystems":false},"in2DMode":false,"pivot":{"x":52.2200927734375,"y":-168.07327270507813,"z":275.18878173828127},"rotation":{"x":0.22342388331890107,"y":-0.23782141506671906,"z":0.05631193518638611,"w":0.9435846209526062},"size":407.2329406738281,"orthographic":false}