{"cameraMode":{"drawMode":0,"name":"Shaded","section":"Shading Mode"},"sceneLighting":false,"audioPlay":false,"sceneViewState":{"showFog":false,"showMaterialUpdate":false,"showSkybox":false,"showFlares":false,"showImageEffects":false,"showParticleSystems":false},"in2DMode":false,"pivot":{"x":2.0057830810546877,"y":7.29628849029541,"z":70.04161071777344},"rotation":{"x":-0.021535590291023256,"y":0.7850823998451233,"z":-0.027339495718479158,"w":-0.6184129118919373},"size":13.981996536254883,"orthographic":false}