{"cameraMode":{"drawMode":0,"name":"Shaded","section":"Shading Mode"},"sceneLighting":true,"audioPlay":false,"sceneViewState":{"showFog":false,"showMaterialUpdate":false,"showSkybox":false,"showFlares":false,"showImageEffects":false,"showParticleSystems":false},"in2DMode":false,"pivot":{"x":175.09767150878907,"y":5.697993278503418,"z":414.4794921875},"rotation":{"x":-0.0669940933585167,"y":-0.5354042053222656,"z":0.04264909401535988,"w":-0.8408612012863159},"size":9.362308502197266,"orthographic":false}