{"cameraMode":{"drawMode":0,"name":"Shaded","section":"Shading Mode"},"sceneLighting":false,"audioPlay":false,"sceneViewState":{"showFog":false,"showMaterialUpdate":false,"showSkybox":false,"showFlares":false,"showImageEffects":false,"showParticleSystems":false},"in2DMode":false,"pivot":{"x":1482.774169921875,"y":173.2354278564453,"z":617.015869140625},"rotation":{"x":0.0740450844168663,"y":-0.4686172902584076,"z":0.03945637494325638,"w":0.879409670829773},"size":13.782051086425782,"orthographic":false}