{"cameraMode":{"drawMode":0,"name":"Shaded","section":"Shading Mode"},"sceneLighting":true,"audioPlay":false,"sceneViewState":{"showFog":false,"showMaterialUpdate":false,"showSkybox":false,"showFlares":false,"showImageEffects":false,"showParticleSystems":false},"in2DMode":false,"pivot":{"x":27.7774658203125,"y":21.99114990234375,"z":-26.1929931640625},"rotation":{"x":-0.5095727443695068,"y":-0.2820706367492676,"z":0.1813957691192627,"w":-0.7923839688301086},"size":967.8873901367188,"orthographic":false}