{"cameraMode":{"drawMode":0,"name":"Shaded","section":"Shading Mode"},"sceneLighting":false,"audioPlay":false,"sceneViewState":{"showFog":false,"showMaterialUpdate":false,"showSkybox":false,"showFlares":false,"showImageEffects":false,"showParticleSystems":false},"in2DMode":false,"pivot":{"x":-420.2333984375,"y":1891.353271484375,"z":1732.0673828125},"rotation":{"x":0.04399329051375389,"y":0.4572332203388214,"z":0.022644925862550737,"w":-0.887976884841919},"size":1652.180419921875,"orthographic":false}