{"cameraMode":{"drawMode":0,"name":"Shaded","section":"Shading Mode"},"sceneLighting":false,"audioPlay":false,"sceneViewState":{"showFog":false,"showMaterialUpdate":false,"showSkybox":false,"showFlares":false,"showImageEffects":false,"showParticleSystems":false},"in2DMode":false,"pivot":{"x":0.28999996185302737,"y":0.8700000047683716,"z":-0.3799999952316284},"rotation":{"x":-0.108390673995018,"y":0.6806807518005371,"z":-0.10287478566169739,"w":-0.7171763181686401},"size":0.8660253882408142,"orthographic":false}