{"cameraMode":{"drawMode":0,"name":"Shaded","section":"Shading Mode"},"sceneLighting":true,"audioPlay":false,"sceneViewState":{"showFog":true,"showMaterialUpdate":true,"showSkybox":true,"showFlares":true,"showImageEffects":true,"showParticleSystems":true},"in2DMode":false,"pivot":{"x":0.1678769588470459,"y":-17.732837677001954,"z":5.850953102111816},"rotation":{"x":0.5662251710891724,"y":-0.12371082603931427,"z":0.08644558489322663,"w":0.8103159666061401},"size":40.44590759277344,"orthographic":false}