{"cameraMode":{"drawMode":0,"name":"Shaded","section":"Shading Mode"},"sceneLighting":false,"audioPlay":false,"sceneViewState":{"showFog":true,"showMaterialUpdate":false,"showSkybox":false,"showFlares":true,"showImageEffects":true,"showParticleSystems":true},"in2DMode":false,"pivot":{"x":0.4642333984375,"y":-0.8537864685058594,"z":-3.6042442321777345},"rotation":{"x":-0.4600980877876282,"y":0.08156277239322663,"z":-0.04249430447816849,"w":-0.8830920457839966},"size":3.533452033996582,"orthographic":false}